@9NewsAUS,9News Australia
@ABC,ABC News
@ABCaustralia,ABC Australia
@ABCNewsLive,ABC News Live
@ABCPolitics,ABC News Politics
@ABCWorldNews,World News Tonight
@AFP,AFP News Agency
@AFPAfrica,AFP Africa
@AJEnglish,Al Jazeera English
@AJWasahi,Asahi Shimbun AJW
@amna_newseng,ANA-MPA news
@amnesty,Amnesty International
@amnestyusa,Amnesty International USA
@ANINewsUP,ANI UP
@AppleNews,Apple News
@aus_media,Australian Media
@australian,The Australian
@baltimoresun,The Baltimore Sun
@BangkokPostNews,Bangkok Post
@BBC_Hampshire,BBC Hampshire & IoW
@BBCAfrica,BBC News Africa
@bbcafrique,BBC News Afrique
@bbcbangla,BBC News Bangla
@BBCBerkshire,BBC Berkshire
@bbcbrasil,BBC News Brasil
@BBCBreakfast,BBC Breakfast
@BBCBreaking,BBC Breaking News
@BBCBusiness,BBC Business
@bbceducation,BBC Education
@bbcelection,BBC Election
@bbcemt,BBC East Midlands
@BBCEngland,BBC News England
@bbchealth,BBC Health News
@BBCIndia,BBC News India
@BBCLondonNews,BBC London
@BBCLookNorth,BBC Yorkshire
@bbcmundo,BBC News Mundo
@BBCNEandCumbria,BBC North East and Cumbria
@BBCNews,BBC News (UK)
@BBCNewsAsia,BBC Asia
@BBCNewsAus,BBC News Australia
@BBCNewsEnts,BBC News Entertainment
@BBCNewsNI,BBC News NI
@BBCNewsPR,BBC News Press Team
@BBCNorthAmerica,BBC North America
@BBCNorthEast,BBC North East Scot
@BBCOne,BBC One
@bbcpointswest,BBC Points West
@BBCScienceNews,BBC Science News
@BBCScotlandNews,BBC Scotland News
@bbcscotnewspr,BBC Scotland News PR
@BBCSomali,BBC News Somali
@BBCSouthNews,BBC South
@BBCTwo,BBC Two
@BBCWalesNews,BBC Wales News
@BBCWestScot,
@BBCWorld,BBC News (World)
@bbcworldservice,BBC World Service
@BBGAfrica,Bloomberg Africa
@BD_Africa,BusinessDaily
@bernamadotcom,BERNAMA
@BreakingNews,Breaking News
@BreakingNewsUK,Breaking News UK
@Breakingviews,ReutersBreakingviews
@business,Bloomberg
@BusinessInsider,Business Insider
@BusinessInsider,Business Insider
@BW,Businessweek
@CBCAlerts,CBC News Alerts
@CBCCanada,CBC Canadian News
@CBCNews,CBC News
@CECCgov,China Commission
@CGTNGlobalBiz,CGTN Global Business
@Channel4News,Channel 4 News
@ChannelNewsAsia,CNA
@Chicago_Reader,Chicago Reader
@Chinamission2un,Chinese Mission to UN
@chinascio,China SCIO
@CNBC,CNBC
@cnbcafrica,CNBC Africa
@CNBCi,CNBC International
@CNNAfrica,CNN Africa
@cnnasiapr,CNN Asia Pacific
@cnnbrk,CNN Breaking News
@CNNBusiness,CNN Business
@cnni,CNN International
@CNNImpact,Impact Your World
@CNNPolitics,CNN Politics
@cnnsport,CNN Sport
@CTVNews,CTV News
@DailyMailUK,Daily Mail U.K.
@DailyMirror,The Mirror
@dallasnews,Dallas Morning News
@dcexaminer,Washington Examiner
@dpa_intl,dpa news agency
@FinancialTimes,Financial Times
@FOX29philly,FOX 29
@foxnewsnight,Fox News @ Night
@ftfinancenews,Finance News
@GDNonline,Gulf Daily News
@globalnews,Globalnews.ca
@globalnewsto,Global News Toronto
@guardiannews,Guardian news
@GuardianNigeria,The Guardian Nigeria
@HarvardBiz,Harvard Business Review
@hkfp,Hong Kong Free Press HKFP
@HLNTV,HLN
@HoustonChron,Houston Chronicle
@HuffPost,HuffPost
@IMFNews,IMF
@Independent,The Independent
@IndiaToday,IndiaToday
@itvnews,ITV News
@japantimes,The Japan Times
@JapanToday,Japan Today News
@JewishChron,The Jewish Chronicle
@JoongAngDaily,Korea JoongAng Daily
@JTAnews,JTA | Jewish news
@koreatimescokr,The Korea Times
@kuna_en,Kuwait News Agency - English Feed
@latimes,Los Angeles Times
@looknorthBBC,BBC East Yorks and Lincs
@MailOnline,Daily Mail Online
@markets,Bloomberg Markets
@MehrnewsCom,Mehr News Agency
@MirrorBreaking_,Mirror Breaking News
@MirrorTravel,Mirror Travel
@MorningExp,Morning Express with Robin Meade
@NBCNews,NBC News
@NBCNightlyNews,NBC Nightly News with Lester Holt
@newscomauHQ,news.com.au
@newscorpaus,News Corp Australia
@NikkeiAsia,Nikkei Asia
@nknewsorg,NK NEWS
@NPR,NPR
@NYDailyNews,New York Daily News
@nypost,New York Post
@nytimes,The New York Times
@nytimesworld,New York Times World
@pajhwok,Pajhwok Afghan News
@panasonic,Panasonic Corp.
@pnagovph,Phil News Agency
@RadioFreeAsia,Radio Free Asia
@Reuters,Reuters
@ReutersAfrica,Reuters Africa
@ReutersAgency,Reuters News Agency
@ReutersBiz,Reuters Business
@ReutersScience,Reuters Science News
@ReutersUK,Reuters UK
@rthk_enews,RTHK English News
@SCMPNews,SCMP News
@seattletimes,The Seattle Times
@SkyNewsAust,Sky News Australia
@SkyNewsBiz,Sky News Business
@SkyNewsBreak,Sky News Breaking
@SkySportsNews,Sky Sports News
@SportsCenter,
@StandardKenya,The Standard Digital
@StateDept,Department of State
@straits_times,The Straits Times
@Suntimes,Chicago Sun-Times
@Tasnimnews_EN,Tasnim News Agency
@TechCrunch,TechCrunch
@Telegraph,The Telegraph
@theage,The Age
@TheAtlantic,The Atlantic
@TheEconomist,
@theheraldsun,Herald Sun
@thehill,The Hill
@themainichi,The Mainichi (Japan Daily News)
@TheOnion,The Onion
@theprojecttv,The Project
@TheSun,The Sun
@theweeklytimes,The Weekly Times
@thewire_in,The Wire
@THISDAYLIVE,THISDAY LIVE
@TODAYonline,TODAY
@TOIIndiaNews,TOI India
@TOLOnews,TOLOnews
@UN,United Nations
@UNHumanRights,UN Human Rights
@USATODAY,USA TODAY
@VOAAfrica,VOA Africa
@VOANews,The Voice of America
@WashTimes,The Washington Times
@WGNMorningNews,WGN Morning News
@WSJbusiness,WSJ Business News
@WSJPolitics,Capital Journal
@XHNews,China Xinhua News
@YahooCanadaNews,Yahoo Canada News
@YahooFinance,Yahoo Finance
@YahooNews,Yahoo News
@YonhapNews,Yonhap News Agency
